{"info":{"year":"2024","version":"1","description":"Exported from roboflow.com","contributor":"","url":"https://public.roboflow.com/object-detection/undefined","date_created":"2024-12-17T06:27:57+00:00"},"licenses":[{"id":1,"url":"https://creativecommons.org/licenses/by/4.0/","name":"CC BY 4.0"}],"categories":[{"id":0,"name":"Football-fields","supercategory":"none"},{"id":1,"name":"Football-fields","supercategory":"Football-fields"}],"images":[{"id":0,"license":1,"file_name":"Zrzut-ekranu-2024-06-01-165928_png.rf.134f9072641b985d6163c2feb036373d.jpg","height":640,"width":640,"date_captured":"2024-12-17T06:27:57+00:00"},{"id":1,"license":1,"file_name":"Zrzut-ekranu-2024-06-01-164210_png.rf.16911cd4550abefafcca9acecfd5492f.jpg","height":640,"width":640,"date_captured":"2024-12-17T06:27:57+00:00"},{"id":2,"license":1,"file_name":"Zrzut-ekranu-2024-06-01-170250_png.rf.27195a3262bb9b9606666319a3f1d5a1.jpg","height":640,"width":640,"date_captured":"2024-12-17T06:27:57+00:00"},{"id":3,"license":1,"file_name":"Zrzut-ekranu-2024-06-01-164712_png.rf.15a30ab732d7b1dcd93cabd211d90610.jpg","height":640,"width":640,"date_captured":"2024-12-17T06:27:57+00:00"},{"id":4,"license":1,"file_name":"Zrzut-ekranu-2024-06-01-171114_png.rf.3101c127208838c54ee11c9d5eadd23b.jpg","height":640,"width":640,"date_captured":"2024-12-17T06:27:57+00:00"},{"id":5,"license":1,"file_name":"Zrzut-ekranu-2024-06-01-170221_png.rf.200b416d3b9e7abb1f270ba7fc6b27dd.jpg","height":640,"width":640,"date_captured":"2024-12-17T06:27:57+00:00"},{"id":6,"license":1,"file_name":"Zrzut-ekranu-2024-06-01-164803_png.rf.155d77e907b1675844f79d584c421e6d.jpg","height":640,"width":640,"date_captured":"2024-12-17T06:27:57+00:00"},{"id":7,"license":1,"file_name":"Zrzut-ekranu-2024-06-01-165725_png.rf.0b4f464e233668263e462bcc02712d1f.jpg","height":640,"width":640,"date_captured":"2024-12-17T06:27:57+00:00"},{"id":8,"license":1,"file_name":"Zrzut-ekranu-2024-06-01-171403_png.rf.15682d0ebc728817cad57abbee1e4a5a.jpg","height":640,"width":640,"date_captured":"2024-12-17T06:27:57+00:00"},{"id":9,"license":1,"file_name":"Zrzut-ekranu-2024-06-01-164425_png.rf.2e5e415fcf590ac7400fd36340fa440b.jpg","height":640,"width":640,"date_captured":"2024-12-17T06:27:57+00:00"},{"id":10,"license":1,"file_name":"Zrzut-ekranu-2024-06-01-171824_png.rf.276026e6fe285a97ffee57bfeb0ad7ff.jpg","height":640,"width":640,"date_captured":"2024-12-17T06:27:57+00:00"},{"id":11,"license":1,"file_name":"Zrzut-ekranu-2024-06-01-165133_png.rf.105c4cd929881f29a4b191a9f9d123e2.jpg","height":640,"width":640,"date_captured":"2024-12-17T06:27:57+00:00"},{"id":12,"license":1,"file_name":"Zrzut-ekranu-2024-06-01-170559_png.rf.2f67308f49eac48cf475ab974b6037d0.jpg","height":640,"width":640,"date_captured":"2024-12-17T06:27:57+00:00"},{"id":13,"license":1,"file_name":"Zrzut-ekranu-2024-06-01-165553_png.rf.00e6a3abb55e18c2ab0ceff2d9392dc1.jpg","height":640,"width":640,"date_captured":"2024-12-17T06:27:57+00:00"},{"id":14,"license":1,"file_name":"Zrzut-ekranu-2024-06-01-171251_png.rf.0ad4c0636a4a7f0d85c3a2d96838e9a7.jpg","height":640,"width":640,"date_captured":"2024-12-17T06:27:57+00:00"},{"id":15,"license":1,"file_name":"Zrzut-ekranu-2024-06-01-171041_png.rf.26f90c3efb820f807cde23d91b94bda2.jpg","height":640,"width":640,"date_captured":"2024-12-17T06:27:57+00:00"},{"id":16,"license":1,"file_name":"Zrzut-ekranu-2024-06-01-165519_png.rf.2138faecd10c320936cb6656dc46294b.jpg","height":640,"width":640,"date_captured":"2024-12-17T06:27:57+00:00"},{"id":17,"license":1,"file_name":"Zrzut-ekranu-2024-06-01-170616_png.rf.3578a82f61bb59b98c35e7dc1d3caa3e.jpg","height":640,"width":640,"date_captured":"2024-12-17T06:27:57+00:00"},{"id":18,"license":1,"file_name":"Zrzut-ekranu-2024-06-01-170705_png.rf.16b127939c4c0ab8229bb6e477f975e3.jpg","height":640,"width":640,"date_captured":"2024-12-17T06:27:57+00:00"},{"id":19,"license":1,"file_name":"Zrzut-ekranu-2024-06-01-170337_png.rf.439cd57bee0d926469a9ab55dc0a5b2e.jpg","height":640,"width":640,"date_captured":"2024-12-17T06:27:57+00:00"},{"id":20,"license":1,"file_name":"Zrzut-ekranu-2024-06-01-165304_png.rf.3d3378a6a2f74cd938d89f61ee389293.jpg","height":640,"width":640,"date_captured":"2024-12-17T06:27:57+00:00"},{"id":21,"license":1,"file_name":"Zrzut-ekranu-2024-06-01-170119_png.rf.70b613d60254fab7e778958fd5a457e8.jpg","height":640,"width":640,"date_captured":"2024-12-17T06:27:57+00:00"},{"id":22,"license":1,"file_name":"Zrzut-ekranu-2024-06-01-171307_png.rf.3539b2e31b95b066056796207efec5ba.jpg","height":640,"width":640,"date_captured":"2024-12-17T06:27:57+00:00"},{"id":23,"license":1,"file_name":"Zrzut-ekranu-2024-06-01-165450_png.rf.7b8d29d63e6b58d9083e5a87adaecae8.jpg","height":640,"width":640,"date_captured":"2024-12-17T06:27:57+00:00"},{"id":24,"license":1,"file_name":"Zrzut-ekranu-2024-06-01-164537_png.rf.6839900cf4d285e60fd86a62af459266.jpg","height":640,"width":640,"date_captured":"2024-12-17T06:27:57+00:00"},{"id":25,"license":1,"file_name":"Zrzut-ekranu-2024-06-01-171621_png.rf.5c19afbb05258b9af550eaf3fbbed728.jpg","height":640,"width":640,"date_captured":"2024-12-17T06:27:57+00:00"},{"id":26,"license":1,"file_name":"Zrzut-ekranu-2024-06-01-170100_png.rf.438e6bbe982bc94b7e76cefd4d51c8c3.jpg","height":640,"width":640,"date_captured":"2024-12-17T06:27:57+00:00"},{"id":27,"license":1,"file_name":"Zrzut-ekranu-2024-06-01-170313_png.rf.445dac032a04a944a59c1b056096a096.jpg","height":640,"width":640,"date_captured":"2024-12-17T06:27:57+00:00"},{"id":28,"license":1,"file_name":"Zrzut-ekranu-2024-06-01-171902_png.rf.70582d081226ca0d910c9959cf301d08.jpg","height":640,"width":640,"date_captured":"2024-12-17T06:27:57+00:00"},{"id":29,"license":1,"file_name":"Zrzut-ekranu-2024-06-01-164228_png.rf.7ee49a876a5702758ee2c861c723e84e.jpg","height":640,"width":640,"date_captured":"2024-12-17T06:27:57+00:00"},{"id":30,"license":1,"file_name":"Zrzut-ekranu-2024-06-01-170956_png.rf.7d2f14a7c8f5473605377ba899ee27b7.jpg","height":640,"width":640,"date_captured":"2024-12-17T06:27:57+00:00"},{"id":31,"license":1,"file_name":"Zrzut-ekranu-2024-06-01-171510_png.rf.6130db8e93bc33884bbb9ebcb91ef375.jpg","height":640,"width":640,"date_captured":"2024-12-17T06:27:57+00:00"},{"id":32,"license":1,"file_name":"Zrzut-ekranu-2024-06-01-172006_png.rf.2c89d451ed869db50130a1c031477a23.jpg","height":640,"width":640,"date_captured":"2024-12-17T06:27:57+00:00"},{"id":33,"license":1,"file_name":"Zrzut-ekranu-2024-06-01-165244_png.rf.51e038019e1fa7a88339022f79bcc70c.jpg","height":640,"width":640,"date_captured":"2024-12-17T06:27:57+00:00"},{"id":34,"license":1,"file_name":"Zrzut-ekranu-2024-06-01-171013_png.rf.6ef9fda6c4c15403a174a306110d7f4b.jpg","height":640,"width":640,"date_captured":"2024-12-17T06:27:57+00:00"},{"id":35,"license":1,"file_name":"Zrzut-ekranu-2024-06-01-170552_png.rf.84f876e4f8e21c0bc5c4174d0e21f95f.jpg","height":640,"width":640,"date_captured":"2024-12-17T06:27:57+00:00"},{"id":36,"license":1,"file_name":"Zrzut-ekranu-2024-06-01-171103_png.rf.21044cc7758ab9b934b7c886cc09d753.jpg","height":640,"width":640,"date_captured":"2024-12-17T06:27:57+00:00"},{"id":37,"license":1,"file_name":"Zrzut-ekranu-2024-06-01-170144_png.rf.7e7cac7f7aa272c3e3fce62d66c8d915.jpg","height":640,"width":640,"date_captured":"2024-12-17T06:27:57+00:00"},{"id":38,"license":1,"file_name":"Zrzut-ekranu-2024-06-01-164956_png.rf.9e46feb47f0cfd491617b26243fa8f2a.jpg","height":640,"width":640,"date_captured":"2024-12-17T06:27:57+00:00"},{"id":39,"license":1,"file_name":"Zrzut-ekranu-2024-06-01-165113_png.rf.85a7d93bd8fdc6dda83c2ea05a509d5c.jpg","height":640,"width":640,"date_captured":"2024-12-17T06:27:57+00:00"},{"id":40,"license":1,"file_name":"Zrzut-ekranu-2024-06-01-171320_png.rf.9e69b88576d3b47aab5c6d56786c8338.jpg","height":640,"width":640,"date_captured":"2024-12-17T06:27:57+00:00"},{"id":41,"license":1,"file_name":"Zrzut-ekranu-2024-06-01-171432_png.rf.85d2617465ebbe18e9224a5387ca5ab7.jpg","height":640,"width":640,"date_captured":"2024-12-17T06:27:57+00:00"},{"id":42,"license":1,"file_name":"Zrzut-ekranu-2024-06-01-170715_png.rf.80e0c91ccd3e63446016c6e48ada03ec.jpg","height":640,"width":640,"date_captured":"2024-12-17T06:27:57+00:00"},{"id":43,"license":1,"file_name":"Zrzut-ekranu-2024-06-01-170941_png.rf.90d8a680c9a45b1595750c7f063bab11.jpg","height":640,"width":640,"date_captured":"2024-12-17T06:27:57+00:00"},{"id":44,"license":1,"file_name":"Zrzut-ekranu-2024-06-01-171331_png.rf.b5af93068d7c1ba49f634fb0c009b7b9.jpg","height":640,"width":640,"date_captured":"2024-12-17T06:27:57+00:00"},{"id":45,"license":1,"file_name":"Zrzut-ekranu-2024-06-01-172029_png.rf.8acf3b2cd73ec443086d6e2800fc2c78.jpg","height":640,"width":640,"date_captured":"2024-12-17T06:27:57+00:00"},{"id":46,"license":1,"file_name":"Zrzut-ekranu-2024-06-01-171817_png.rf.b2a18e6bb297f577aac8772d0dfc869c.jpg","height":640,"width":640,"date_captured":"2024-12-17T06:27:57+00:00"},{"id":47,"license":1,"file_name":"Zrzut-ekranu-2024-06-01-171340_png.rf.c0d7342a60675ab67e98f860563dedb2.jpg","height":640,"width":640,"date_captured":"2024-12-17T06:27:57+00:00"},{"id":48,"license":1,"file_name":"Zrzut-ekranu-2024-06-01-170904_png.rf.5ca2092637c6a84c5142086ca0987ff1.jpg","height":640,"width":640,"date_captured":"2024-12-17T06:27:57+00:00"},{"id":49,"license":1,"file_name":"Zrzut-ekranu-2024-06-01-165919_png.rf.5da5ddbf7d5297bec30f721c8c93e334.jpg","height":640,"width":640,"date_captured":"2024-12-17T06:27:57+00:00"},{"id":50,"license":1,"file_name":"Zrzut-ekranu-2024-06-01-171912_png.rf.42a9d070687549595829264fd5db1056.jpg","height":640,"width":640,"date_captured":"2024-12-17T06:27:57+00:00"},{"id":51,"license":1,"file_name":"Zrzut-ekranu-2024-06-01-172019_png.rf.becc6dc42cb30fff38e7107c3b4f0817.jpg","height":640,"width":640,"date_captured":"2024-12-17T06:27:57+00:00"},{"id":52,"license":1,"file_name":"Zrzut-ekranu-2024-06-01-170230_png.rf.b7a10bf92c46ec49d625c3bda973215c.jpg","height":640,"width":640,"date_captured":"2024-12-17T06:27:57+00:00"},{"id":53,"license":1,"file_name":"Zrzut-ekranu-2024-06-01-165509_png.rf.8dbc53ebe1363624786924a8c037cf1e.jpg","height":640,"width":640,"date_captured":"2024-12-17T06:27:57+00:00"},{"id":54,"license":1,"file_name":"Zrzut-ekranu-2024-06-01-170841_png.rf.ade5334945775f754eed9a1076f42fb1.jpg","height":640,"width":640,"date_captured":"2024-12-17T06:27:57+00:00"},{"id":55,"license":1,"file_name":"Zrzut-ekranu-2024-06-01-164839_png.rf.b58f4763814be742e82daed3cac43358.jpg","height":640,"width":640,"date_captured":"2024-12-17T06:27:57+00:00"},{"id":56,"license":1,"file_name":"Zrzut-ekranu-2024-06-01-163902_png.rf.b2833d6cb8bc79fde4956d35a813c018.jpg","height":640,"width":640,"date_captured":"2024-12-17T06:27:57+00:00"},{"id":57,"license":1,"file_name":"Zrzut-ekranu-2024-06-01-165740_png.rf.cd6355e02fa1e90bcb41dcd3e286fee7.jpg","height":640,"width":640,"date_captured":"2024-12-17T06:27:57+00:00"},{"id":58,"license":1,"file_name":"Zrzut-ekranu-2024-06-01-171138_png.rf.90ebd84403a5cefab8a24d5ceeca46bc.jpg","height":640,"width":640,"date_captured":"2024-12-17T06:27:57+00:00"},{"id":59,"license":1,"file_name":"Zrzut-ekranu-2024-06-01-164927_png.rf.a9330f161ee1b73614044e4552efecdc.jpg","height":640,"width":640,"date_captured":"2024-12-17T06:27:57+00:00"},{"id":60,"license":1,"file_name":"Zrzut-ekranu-2024-06-01-171956_png.rf.b87f547da6431b369ad1f591c350819e.jpg","height":640,"width":640,"date_captured":"2024-12-17T06:27:57+00:00"},{"id":61,"license":1,"file_name":"Zrzut-ekranu-2024-06-01-171806_png.rf.d69b25492fdae348084db7dacce6d4e6.jpg","height":640,"width":640,"date_captured":"2024-12-17T06:27:57+00:00"},{"id":62,"license":1,"file_name":"Zrzut-ekranu-2024-06-01-170436_png.rf.daf030f04b917fe963df22a3e6a75167.jpg","height":640,"width":640,"date_captured":"2024-12-17T06:27:57+00:00"},{"id":63,"license":1,"file_name":"Zrzut-ekranu-2024-06-01-170052_png.rf.45d695dfd79116b2a40d82bf0b0d4b56.jpg","height":640,"width":640,"date_captured":"2024-12-17T06:27:57+00:00"},{"id":64,"license":1,"file_name":"Zrzut-ekranu-2024-06-01-164400_png.rf.a1897fe4b0f0e10dacb4c93ba1450d26.jpg","height":640,"width":640,"date_captured":"2024-12-17T06:27:57+00:00"},{"id":65,"license":1,"file_name":"Zrzut-ekranu-2024-06-01-170347_png.rf.f1b4d0695c72c53086eba987d0d9285b.jpg","height":640,"width":640,"date_captured":"2024-12-17T06:27:57+00:00"},{"id":66,"license":1,"file_name":"Zrzut-ekranu-2024-06-01-165404_png.rf.de62bb4f51001264e49245419c0fdc50.jpg","height":640,"width":640,"date_captured":"2024-12-17T06:27:57+00:00"},{"id":67,"license":1,"file_name":"Zrzut-ekranu-2024-06-01-170537_png.rf.e9e6c48c1c200f8d69c8f99319e85189.jpg","height":640,"width":640,"date_captured":"2024-12-17T06:27:57+00:00"},{"id":68,"license":1,"file_name":"Zrzut-ekranu-2024-06-01-171209_png.rf.d447f2c5c14a89cea545c073b212da0a.jpg","height":640,"width":640,"date_captured":"2024-12-17T06:27:57+00:00"},{"id":69,"license":1,"file_name":"Zrzut-ekranu-2024-06-01-171648_png.rf.eac1ffea13bae4f0446c88f2a6275537.jpg","height":640,"width":640,"date_captured":"2024-12-17T06:27:57+00:00"},{"id":70,"license":1,"file_name":"Zrzut-ekranu-2024-06-01-164856_png.rf.f0711dbe96112e49a1bd0625847eef5a.jpg","height":640,"width":640,"date_captured":"2024-12-17T06:27:57+00:00"},{"id":71,"license":1,"file_name":"Zrzut-ekranu-2024-06-01-164632_png.rf.d9b8c032f4cf81635d6ae3f65ba73d32.jpg","height":640,"width":640,"date_captured":"2024-12-17T06:27:57+00:00"},{"id":72,"license":1,"file_name":"Zrzut-ekranu-2024-06-01-171243_png.rf.f5d1282bcc3553ea8062a3287c4a6844.jpg","height":640,"width":640,"date_captured":"2024-12-17T06:27:57+00:00"},{"id":73,"license":1,"file_name":"Zrzut-ekranu-2024-06-01-171628_png.rf.e1b6e12c515ae07d60e1ce319e2251bb.jpg","height":640,"width":640,"date_captured":"2024-12-17T06:27:57+00:00"},{"id":74,"license":1,"file_name":"Zrzut-ekranu-2024-06-01-171357_png.rf.d24a238779977dd242a7f785efea554e.jpg","height":640,"width":640,"date_captured":"2024-12-17T06:27:57+00:00"},{"id":75,"license":1,"file_name":"Zrzut-ekranu-2024-06-01-164449_png.rf.d9531ec5f70ab6f05831f8a9c896b256.jpg","height":640,"width":640,"date_captured":"2024-12-17T06:27:57+00:00"},{"id":76,"license":1,"file_name":"Zrzut-ekranu-2024-06-01-165025_png.rf.e688d2e1313d92d30a582b710982b0c1.jpg","height":640,"width":640,"date_captured":"2024-12-17T06:27:57+00:00"},{"id":77,"license":1,"file_name":"Zrzut-ekranu-2024-06-01-164617_png.rf.bf69a59a851280a7ffb60687ebffae6b.jpg","height":640,"width":640,"date_captured":"2024-12-17T06:27:57+00:00"},{"id":78,"license":1,"file_name":"Zrzut-ekranu-2024-06-01-165749_png.rf.f4e3c094dac116c70134074dd47adb4f.jpg","height":640,"width":640,"date_captured":"2024-12-17T06:27:57+00:00"},{"id":79,"license":1,"file_name":"Zrzut-ekranu-2024-06-01-170035_png.rf.3d4f1b2fde3f2f058104ae47b62caaf7.jpg","height":640,"width":640,"date_captured":"2024-12-17T06:27:57+00:00"},{"id":80,"license":1,"file_name":"Zrzut-ekranu-2024-06-01-171636_png.rf.fcf56780a772728ed3d5606ece177b9c.jpg","height":640,"width":640,"date_captured":"2024-12-17T06:27:57+00:00"}],"annotations":[{"id":0,"image_id":0,"category_id":1,"bbox":[65,52,312.5,422.612],"area":132066.155,"segmentation":[[220.625,475.053,231.875,475.053,252.5,454.23,282.5,398.705,352.5,253.721,371.25,205.908,377.5,179.687,374.375,172.746,288.125,101.797,228.125,55.526,216.875,52.441,70,346.264,65,360.145,73.125,368.628,211.875,470.425,220.625,475.053]],"iscrowd":0},{"id":1,"image_id":1,"category_id":1,"bbox":[129,324,71.697,142.903],"area":10245.737,"segmentation":[[133.263,324.092,128.588,464.838,196.778,466.995,200.285,326.789,133.263,324.092]],"iscrowd":0},{"id":2,"image_id":2,"category_id":1,"bbox":[81,51,445,529.521],"area":235636.968,"segmentation":[[245.625,580.718,325,489.295,422.5,362.035,522.5,224.535,526.25,209.907,371.875,51.197,365.625,51.197,266.25,170.412,82.5,405.918,81.25,414.694,94.375,430.053,226.875,569.016,245.625,580.718]],"iscrowd":0},{"id":3,"image_id":3,"category_id":1,"bbox":[165,166,182.5,283.621],"area":51760.776,"segmentation":[[298.75,193.858,292.5,171.228,288.125,165.948,173.125,205.172,165,211.961,170,236.099,178.75,251.185,207.5,364.332,221.25,442.78,224.375,449.569,228.75,448.815,347.5,403.556,338.75,353.772,305,228.556,298.75,193.858]],"iscrowd":0},{"id":4,"image_id":3,"category_id":1,"bbox":[513,355,125,244.397],"area":30549.569,"segmentation":[[635,507.651,628.75,450.323,628.75,409.591,625,368.858,619.375,357.543,614.375,359.052,606.875,354.526,585.625,357.543,573.125,363.578,531.875,363.578,520.625,365.086,517.5,368.858,512.5,388.47,512.5,420.151,518.75,530.28,526.25,593.642,529.375,598.922,537.5,598.168,554.375,597.414,559.375,592.888,637.5,586.099,635,507.651]],"iscrowd":0},{"id":5,"image_id":4,"category_id":1,"bbox":[394,127,183.75,210.679],"area":38712.357,"segmentation":[[439.375,338.067,449.375,334.801,577.5,245.793,528.125,127.388,521.875,127.388,426.875,187.815,396.25,214.762,393.75,229.461,400,249.059,430,324.185,439.375,338.067]],"iscrowd":0},{"id":6,"image_id":4,"category_id":1,"bbox":[64,247,301.25,318.469],"area":95938.788,"segmentation":[[354.375,463.822,365,445.04,353.75,394.412,301.875,246.609,293.125,246.609,245.625,267.841,74.375,347.866,67.5,355.215,63.75,387.879,68.75,428.708,116.875,565.078,354.375,463.822]],"iscrowd":0},{"id":7,"image_id":5,"category_id":1,"bbox":[171,78,282.5,407.575],"area":115139.994,"segmentation":[[323.125,485.284,423.75,257.708,453.75,179.999,354.375,107.841,311.875,79.295,304.375,77.709,295,92.775,175,368.721,171.25,379.822,175.625,386.959,300.625,474.183,323.125,485.284]],"iscrowd":0},{"id":8,"image_id":6,"category_id":1,"bbox":[125,162,281.25,347.607],"area":97764.358,"segmentation":[[377.5,391.607,402.5,322.966,406.25,305.366,365.625,274.565,336.875,258.725,304.375,232.324,278.125,214.724,260.625,209.444,259.375,204.164,198.125,161.923,193.125,161.923,127.5,349.367,125,366.967,168.125,394.247,193.125,417.128,274.375,473.449,289.375,475.209,301.875,489.289,335,509.53,351.25,476.089,356.25,453.209,378.75,396.888,377.5,391.607]],"iscrowd":0},{"id":9,"image_id":6,"category_id":1,"bbox":[401,405,173.75,168.083],"area":29204.455,"segmentation":[[417.5,407.448,401.25,506.01,401.875,524.49,558.75,572.891,575,479.609,574.375,454.089,419.375,404.808,417.5,407.448]],"iscrowd":0},{"id":10,"image_id":6,"category_id":1,"bbox":[409,551,207.5,88.002],"area":18260.347,"segmentation":[[429.375,550.89,423.125,550.89,421.25,555.291,408.75,632.732,410.625,638.892,612.5,638.012,616.25,611.612,614.375,605.452,590.625,601.931,429.375,550.89]],"iscrowd":0},{"id":11,"image_id":6,"category_id":1,"bbox":[99,477,266.25,161.923],"area":43112.019,"segmentation":[[341.875,603.691,331.875,603.691,319.375,589.611,298.125,579.051,295.625,573.771,289.375,573.771,274.375,561.451,251.875,550.89,240.625,540.33,236.875,529.77,158.125,476.969,152.5,483.129,132.5,537.69,126.25,558.811,130,569.371,125,585.211,120.625,591.371,113.75,592.251,98.75,634.492,99.375,638.892,358.75,638.012,362.5,634.492,365,620.412,358.125,614.252,341.875,603.691]],"iscrowd":0},{"id":12,"image_id":7,"category_id":1,"bbox":[131,167,346.25,311.272],"area":107778.064,"segmentation":[[383.125,478.187,420.625,473.675,428.75,466.909,457.5,394.729,477.5,313.528,445.625,287.213,421.875,273.679,218.125,172.929,193.125,166.914,186.875,168.418,181.25,178.192,133.75,316.535,131.25,327.062,146.875,344.354,289.375,434.578,383.125,478.187]],"iscrowd":0},{"id":13,"image_id":8,"category_id":1,"bbox":[253,82,315.625,452.71],"area":142886.455,"segmentation":[[395.625,523.327,568.125,464.059,567.5,441.991,476.25,85.119,465.625,81.967,385.625,100.882,255.625,138.713,252.5,146.91,348.75,532.785,358.125,534.676,395.625,523.327]],"iscrowd":0},{"id":14,"image_id":9,"category_id":1,"bbox":[108,151,342.5,370.463],"area":126883.518,"segmentation":[[342.5,517.32,450,343.158,446.875,335.04,310.625,216.964,243.125,159.402,224.375,150.547,216.875,150.547,207.5,160.14,110,310.687,107.5,323.97,140.625,361.607,334.375,521.009,342.5,517.32]],"iscrowd":0},{"id":15,"image_id":9,"category_id":1,"bbox":[0,326,193.75,311.425],"area":60338.58,"segmentation":[[178.125,637.609,193.125,631.706,193.75,619.16,72.5,328.398,66.875,326.184,51.875,333.564,0.625,366.035,0,626.54,3.75,633.919,6.875,637.609,178.125,637.609]],"iscrowd":0},{"id":16,"image_id":10,"category_id":1,"bbox":[130,125,320.21,218.75],"area":70045.846,"segmentation":[[288.576,333.75,386.705,343.75,418.984,340,429.959,318.125,450.618,169.375,276.955,138.75,163.333,125,156.231,134.375,151.067,156.875,131.699,266.875,130.408,290.625,136.218,300,147.839,305,288.576,333.75]],"iscrowd":0},{"id":17,"image_id":11,"category_id":1,"bbox":[150,98,293.75,407.985],"area":119845.706,"segmentation":[[443.75,436.146,441.25,412.793,400,269.93,344.375,97.532,150,168.277,151.25,187.508,248.125,505.517,264.375,504.144,443.75,436.146]],"iscrowd":0},{"id":18,"image_id":12,"category_id":1,"bbox":[171,135,188.75,300.509],"area":56721.025,"segmentation":[[337.5,419.725,342.5,383.043,360,157.309,318.125,145.316,196.875,135.441,190,164.363,172.5,357.648,171.25,402.795,178.125,420.43,329.375,435.949,337.5,419.725]],"iscrowd":0},{"id":19,"image_id":12,"category_id":1,"bbox":[475,1,165,190.463],"area":31426.442,"segmentation":[[640,2.116,490.625,1.411,475,141.789,475.625,174.944,630.625,191.874,633.75,188.347,640,133.324,640,2.116]],"iscrowd":0},{"id":20,"image_id":12,"category_id":1,"bbox":[450,200,180,297.687],"area":53583.671,"segmentation":[[581.875,498.026,605.625,496.615,608.75,493.088,611.25,467.693,630,219.385,604.375,213.037,473.125,200.339,470,206.688,451.25,398.562,450,467.693,454.375,478.274,476.875,486.74,581.875,498.026]],"iscrowd":0},{"id":21,"image_id":13,"category_id":1,"bbox":[164,130,258.75,369.678],"area":95654.239,"segmentation":[[420.625,458.911,422.5,453.175,357.5,131.937,351.875,130.025,164.375,174.641,163.75,189.301,223.75,499.066,239.375,499.703,420.625,458.911]],"iscrowd":0},{"id":22,"image_id":14,"category_id":1,"bbox":[317,57,146.875,205.55],"area":30190.118,"segmentation":[[463.75,228.01,435,124.555,411.875,57.173,316.875,91.204,322.5,121.832,366.875,262.723,414.375,249.11,463.75,228.01]],"iscrowd":0},{"id":23,"image_id":14,"category_id":1,"bbox":[144,388,181.25,220.524],"area":39969.895,"segmentation":[[226.875,608.482,243.125,605.759,294.375,581.257,322.5,562.88,325,551.99,321.25,539.738,256.25,396.806,250.625,390.681,244.375,387.958,235.625,390.681,151.875,434.241,143.75,441.728,143.75,458.063,206.25,592.827,216.875,604.398,226.875,608.482]],"iscrowd":0},{"id":24,"image_id":14,"category_id":1,"bbox":[290,389,95,123.874],"area":11768.063,"segmentation":[[385,488.01,362.5,428.115,343.125,389.319,334.375,389.319,291.875,412.461,290,415.864,333.125,513.194,343.125,511.832,385,488.01]],"iscrowd":0},{"id":25,"image_id":14,"category_id":1,"bbox":[401,310,173.75,251.832],"area":43755.89,"segmentation":[[501.875,556.754,565.625,529.529,575,522.042,517.5,321.937,510.625,310.366,490.625,311.728,409.375,341.675,401.25,347.801,401.25,360.052,422.5,434.921,463.125,562.199,501.875,556.754]],"iscrowd":0},{"id":26,"image_id":15,"category_id":1,"bbox":[56,263,232.5,297.076],"area":69070.274,"segmentation":[[288.75,462.546,280,440.997,192.5,304.003,171.875,275.527,155.625,263.213,146.875,267.831,57.5,357.877,56.25,364.034,61.25,380.966,189.375,560.289,288.75,462.546]],"iscrowd":0},{"id":27,"image_id":15,"category_id":1,"bbox":[399,571,128.125,68.936],"area":8832.419,"segmentation":[[525.625,640,527.5,634.943,505,581.069,496.875,571.064,399.375,637.252,403.125,640,525.625,640]],"iscrowd":0},{"id":28,"image_id":16,"category_id":1,"bbox":[83,111,401.25,429.981],"area":172530.07,"segmentation":[[244.375,540.944,260,527.768,483.75,269.779,475.625,252.441,321.875,110.963,313.125,113.737,223.125,206.669,82.5,368.258,82.5,377.968,146.875,454.948,224.375,531.235,244.375,540.944]],"iscrowd":0},{"id":29,"image_id":17,"category_id":1,"bbox":[161,155,265.625,342.434],"area":90959.014,"segmentation":[[285.625,497.415,299.375,494.463,426.25,390.404,425,380.072,415,360.884,313.75,179.335,295.625,154.981,280.625,154.981,160.625,261.253,170,292.988,217.5,387.452,273.75,484.869,285.625,497.415]],"iscrowd":0},{"id":30,"image_id":17,"category_id":1,"bbox":[8,422,221.25,214.021],"area":47352.193,"segmentation":[[228.75,635.422,145,464.205,120.625,422.138,15.625,506.271,7.5,515.865,15,548.337,61.875,636.16,228.75,635.422]],"iscrowd":0},{"id":31,"image_id":18,"category_id":1,"bbox":[100,312,138.75,140.636],"area":19513.193,"segmentation":[[116.875,452.406,200.625,428.684,238.75,410.893,224.375,311.771,100.625,343.964,100,358.367,107.5,412.588,112.5,443.087,116.875,452.406]],"iscrowd":0},{"id":32,"image_id":18,"category_id":1,"bbox":[398,120,136.25,138.941],"area":18930.741,"segmentation":[[414.375,259.244,514.375,235.522,533.75,224.509,522.5,131.316,516.875,120.303,400.625,150.802,397.5,155.038,397.5,168.593,410,255.008,414.375,259.244]],"iscrowd":0},{"id":33,"image_id":19,"category_id":1,"bbox":[148,202,300,334.798],"area":100439.516,"segmentation":[[323.75,503.521,428.75,353.986,442.5,332.813,447.5,315.61,313.125,206.437,300.625,202.467,285,216.362,151.25,409.566,147.5,422.799,151.875,430.077,291.875,537.265,323.75,503.521]],"iscrowd":0},{"id":34,"image_id":20,"category_id":1,"bbox":[100,84,379.629,332.5],"area":126226.641,"segmentation":[[386.107,396.875,479.395,253.125,479.395,245.625,470.973,238.75,214.432,83.75,203.419,89.375,104.949,240.625,99.766,254.375,106.892,261.25,366.025,416.25,386.107,396.875]],"iscrowd":0},{"id":35,"image_id":21,"category_id":1,"bbox":[175,129,220,373.105],"area":82083.135,"segmentation":[[221.875,502.202,391.875,466.736,395,458.934,353.75,132.644,349.375,129.097,324.375,131.935,176.875,158.889,175,179.459,208.75,484.469,213.75,498.656,221.875,502.202]],"iscrowd":0},{"id":36,"image_id":22,"category_id":1,"bbox":[145,11,202.5,234.845],"area":47556.14,"segmentation":[[210.625,243.995,215.625,245.52,286.875,178.421,347.5,107.51,325,72.436,276.875,10.675,153.125,143.347,145,153.259,145,157.834,195,224.933,210.625,243.995]],"iscrowd":0},{"id":37,"image_id":22,"category_id":1,"bbox":[225,117,200,240.945],"area":48189.001,"segmentation":[[294.375,358.368,311.875,344.643,360.625,294.319,421.25,226.458,425,212.733,361.875,117.423,354.375,120.473,231.875,253.145,225,261.532,225,267.632,261.25,327.106,294.375,358.368]],"iscrowd":0},{"id":38,"image_id":22,"category_id":1,"bbox":[391,0,197.5,158.597],"area":31322.851,"segmentation":[[443.125,0,399.375,42.699,391.25,52.611,392.5,61.761,463.125,158.597,581.875,30.499,587.5,23.637,588.75,6.862,581.875,0,443.125,0]],"iscrowd":0},{"id":39,"image_id":22,"category_id":1,"bbox":[461,99,178.75,240.945],"area":43068.92,"segmentation":[[640,166.984,595,104.46,588.125,99.123,531.875,155.547,461.25,234.083,461.25,249.332,517.5,336.256,520.625,340.068,531.875,340.068,541.875,335.493,640,227.983,640,166.984]],"iscrowd":0},{"id":40,"image_id":22,"category_id":1,"bbox":[536,245,103.75,212.733],"area":22071.058,"segmentation":[[640,244.757,620.625,260.77,538.125,349.218,536.25,356.08,538.75,362.18,580,423.179,608.125,457.491,618.125,454.441,640,426.229,640,244.757]],"iscrowd":0},{"id":41,"image_id":22,"category_id":1,"bbox":[329,287,208.75,268.394],"area":56027.339,"segmentation":[[537.5,450.628,536.25,443.003,513.75,410.979,421.875,286.694,411.875,292.794,338.125,372.092,328.75,383.53,331.25,400.304,444.375,555.088,537.5,450.628]],"iscrowd":0},{"id":42,"image_id":22,"category_id":1,"bbox":[35,326,231.25,286.694],"area":66298.001,"segmentation":[[190.625,591.688,266.25,508.577,263.75,497.902,145,336.256,134.375,326.343,124.375,332.443,36.25,426.229,35,432.329,60,468.928,166.875,613.037,190.625,591.688]],"iscrowd":0},{"id":43,"image_id":23,"category_id":1,"bbox":[153,123,330,461.129],"area":152172.727,"segmentation":[[334.375,583.996,341.875,582.479,432.5,367.842,481.25,244.975,482.5,234.357,471.875,224.497,294.375,122.867,155,455.82,152.5,472.506,156.875,479.332,319.375,576.412,334.375,583.996]],"iscrowd":0},{"id":44,"image_id":24,"category_id":1,"bbox":[98,142,331.198,308.966],"area":102328.855,"segmentation":[[114.698,142.009,98.409,425.067,416.034,450.975,429.608,171.754,114.698,142.009]],"iscrowd":0},{"id":45,"image_id":25,"category_id":1,"bbox":[135,160,342.5,326.063],"area":111676.527,"segmentation":[[477.5,384.724,440,214.074,424.375,159.984,135.625,259.022,135,270.449,186.875,486.047,284.375,455.574,477.5,384.724]],"iscrowd":0},{"id":46,"image_id":26,"category_id":1,"bbox":[113,107,321.25,426.82],"area":137115.952,"segmentation":[[266.875,532.469,280.625,533.877,316.25,479.644,427.5,237.357,433.75,220.453,432.5,204.958,284.375,115.509,268.125,107.057,259.375,108.466,125,400.76,112.5,428.933,112.5,435.976,118.125,443.724,266.875,532.469]],"iscrowd":0},{"id":47,"image_id":27,"category_id":1,"bbox":[118,75,293.75,476.032],"area":139834.341,"segmentation":[[193.125,550.88,274.375,538.904,409.375,510.462,411.25,494.744,405,440.853,355,78.59,351.875,74.848,340.625,74.848,120.625,119.756,117.5,130.984,121.25,178.886,176.25,550.131,193.125,550.88]],"iscrowd":0},{"id":48,"image_id":28,"category_id":1,"bbox":[116,139,158.75,295.562],"area":46920.47,"segmentation":[[275,366.526,275,141.197,129.375,139.002,116.25,147.049,116.25,432.369,269.375,434.564,272.5,430.906,275,366.526]],"iscrowd":0},{"id":49,"image_id":29,"category_id":1,"bbox":[341,237,99.115,186.645],"area":18499.271,"segmentation":[[345.046,237.33,341.047,419.18,435.306,423.974,440.162,240.754,345.046,237.33]],"iscrowd":0},{"id":50,"image_id":30,"category_id":1,"bbox":[241,173,180,305.006],"area":54900.996,"segmentation":[[367.5,473.874,421.25,219.455,419.375,208.296,311.875,172.588,301.25,173.332,241.25,438.166,241.875,450.813,345.625,477.594,364.375,477.594,367.5,473.874]],"iscrowd":0},{"id":51,"image_id":31,"category_id":1,"bbox":[156,107,212.125,343.75],"area":72917.905,"segmentation":[[368.024,415.625,350.134,106.875,155.899,115.625,161.01,331.875,173.789,450.625,366.107,442.5,368.024,415.625]],"iscrowd":0},{"id":52,"image_id":32,"category_id":1,"bbox":[41,225,230.625,280.05],"area":64586.515,"segmentation":[[271.25,387.284,258.75,342.973,216.875,225.103,206.875,226.876,40.625,340.314,42.5,364.242,90.625,505.153,99.375,503.381,271.25,387.284]],"iscrowd":0},{"id":53,"image_id":32,"category_id":1,"bbox":[360,199,202.5,205.606],"area":41635.271,"segmentation":[[538.125,404.123,542.5,399.692,562.5,250.804,560.625,244.601,385.625,198.516,380,201.175,376.25,225.99,360,346.517,360.625,358.039,526.875,402.35,538.125,404.123]],"iscrowd":0},{"id":54,"image_id":33,"category_id":1,"bbox":[264,131,197.867,295.577],"area":58484.81,"segmentation":[[263.534,161.224,305.009,426.091,461.401,396.341,419.063,130.514,263.534,161.224]],"iscrowd":0},{"id":55,"image_id":34,"category_id":1,"bbox":[191,57,143.75,243.489],"area":35001.556,"segmentation":[[298.75,293.259,335,92.648,303.125,78.1,236.875,56.661,228.75,71.209,218.75,118.682,191.25,264.163,280.625,298.619,294.375,300.15,298.75,293.259]],"iscrowd":0},{"id":56,"image_id":34,"category_id":1,"bbox":[143,315,220,232.769],"area":51209.277,"segmentation":[[332.5,542.873,362.5,374.422,351.875,365.999,213.125,323.121,176.875,315.464,172.5,325.418,143.75,470.899,142.5,493.869,146.875,499.229,326.875,548.233,332.5,542.873]],"iscrowd":0},{"id":57,"image_id":35,"category_id":1,"bbox":[253,204,175,306.957],"area":53717.512,"segmentation":[[275,480.422,285,510.59,311.875,509.836,421.875,490.227,427.5,475.897,427.5,453.271,403.75,242.096,395,207.404,381.875,203.633,266.875,221.733,255,227.013,252.5,233.046,252.5,270.756,256.25,306.957,275,480.422]],"iscrowd":0},{"id":58,"image_id":35,"category_id":1,"bbox":[539,0,101.25,233.8],"area":23672.284,"segmentation":[[640,3.771,633.125,0,606.875,3.017,541.875,63.352,538.75,67.123,541.25,76.174,639.375,233.8,640,3.771]],"iscrowd":0},{"id":59,"image_id":36,"category_id":1,"bbox":[349,121,161.875,236.04],"area":38209.007,"segmentation":[[511.25,293.434,502.5,265.949,433.125,122.87,425.625,121.254,349.375,181.072,350,191.581,380,257.866,429.375,357.294,511.25,293.434]],"iscrowd":0},{"id":60,"image_id":36,"category_id":1,"bbox":[115,275,136.25,227.957],"area":31059.091,"segmentation":[[250.625,475.314,251.25,461.572,217.5,277.266,213.125,274.841,118.125,302.325,115,311.217,148.75,501.99,160.625,502.798,250.625,475.314]],"iscrowd":0},{"id":61,"image_id":37,"category_id":1,"bbox":[159,202,126.25,206.739],"area":26100.815,"segmentation":[[190.625,407.213,201.875,408.78,221.875,404.081,278.125,386.853,285,381.371,285,353.179,268.75,252.942,260,213.787,253.125,203.607,245.625,202.041,210.625,209.872,168.125,223.967,158.75,231.015,158.75,270.17,175,365.709,181.25,390.768,190.625,407.213]],"iscrowd":0},{"id":62,"image_id":38,"category_id":1,"bbox":[224,182,340,423.117],"area":143859.947,"segmentation":[[434.375,604.913,485,536.539,562.5,425.531,563.75,419.095,349.375,181.796,336.25,195.471,225,351.525,223.75,362.787,321.875,487.47,430.625,604.913,434.375,604.913]],"iscrowd":0},{"id":63,"image_id":39,"category_id":1,"bbox":[128,103,310,393.943],"area":122122.391,"segmentation":[[308.75,485.444,427.5,228.403,437.5,200.464,423.125,187.193,294.375,111.757,274.375,103.375,265,109.661,127.5,391.848,130.625,402.325,298.125,497.318,308.75,485.444]],"iscrowd":0},{"id":64,"image_id":40,"category_id":1,"bbox":[101,158,332.5,357.062],"area":118723.17,"segmentation":[[200.625,513.93,214.375,515.424,393.125,364.532,430.625,327.182,433.75,317.472,338.75,162.097,324.375,158.362,211.875,252.483,103.75,350.339,101.25,354.821,103.75,363.785,173.75,477.328,200.625,513.93]],"iscrowd":0},{"id":65,"image_id":41,"category_id":1,"bbox":[191,230,175,312.994],"area":54773.966,"segmentation":[[364.375,509.598,366.25,496.229,321.25,233.566,313.125,229.634,270.625,239.071,191.875,264.236,191.25,298.052,232.5,540.269,244.375,542.628,364.375,509.598]],"iscrowd":0},{"id":66,"image_id":41,"category_id":1,"bbox":[191,230,176.875,312.208],"area":55221.733,"segmentation":[[364.375,509.598,367.5,504.094,366.25,493.084,321.25,230.42,270.625,239.071,190.625,264.236,191.25,298.052,232.5,540.269,244.375,542.628,364.375,509.598]],"iscrowd":0},{"id":67,"image_id":41,"category_id":1,"bbox":[339,189,181.25,314.567],"area":57015.256,"segmentation":[[518.125,468.705,520,463.2,511.25,406.578,473.75,191.099,465.625,188.74,340.625,221.77,338.75,225.702,385,500.948,390.625,503.307,518.125,468.705]],"iscrowd":0},{"id":68,"image_id":41,"category_id":1,"bbox":[74,236,95,179.303],"area":17033.799,"segmentation":[[169.375,397.927,145,238.284,135.625,235.925,74.375,253.226,76.25,304.344,95,412.869,106.875,415.228,169.375,397.927]],"iscrowd":0},{"id":69,"image_id":42,"category_id":1,"bbox":[236,91,237.5,326.551],"area":77555.921,"segmentation":[[333.125,418.042,384.375,413.819,453.75,372.297,473.75,315.995,391.875,91.491,375.625,94.306,239.375,159.053,236.25,165.387,258.75,231.542,323.75,401.855,333.125,418.042]],"iscrowd":0},{"id":70,"image_id":43,"category_id":1,"bbox":[296,402,132.5,156.705],"area":20763.352,"segmentation":[[419.375,520.154,428.75,510.277,426.25,495.792,368.125,401.638,336.875,420.074,297.5,451.019,296.25,457.604,351.25,549.783,361.875,558.342,419.375,520.154]],"iscrowd":0},{"id":71,"image_id":43,"category_id":1,"bbox":[101,109,147.998,168.271],"area":24903.72,"segmentation":[[177.778,109.329,101.072,161.616,178.68,277.6,249.069,220.559,177.778,109.329]],"iscrowd":0},{"id":72,"image_id":44,"category_id":1,"bbox":[86,46,325,395.794],"area":128633.138,"segmentation":[[407.5,178.77,411.25,169.941,303.125,54.44,290.625,45.612,186.25,174.355,86.25,314.134,86.25,322.962,165.625,409.036,206.875,441.406,407.5,178.77]],"iscrowd":0},{"id":73,"image_id":44,"category_id":1,"bbox":[268,371,180,225.117],"area":40521.094,"segmentation":[[428.75,477.454,447.5,430.371,438.125,417.865,383.125,370.781,333.75,433.314,268.75,527.48,267.5,539.251,271.875,544.401,335.625,595.898,428.75,477.454]],"iscrowd":0},{"id":74,"image_id":45,"category_id":1,"bbox":[298,53,313.75,517.808],"area":162462.329,"segmentation":[[382.5,536.219,401.25,563.836,408.125,570.74,439.375,564.603,599.375,512.438,605,504,611.25,474.849,610,454.904,528.75,52.932,421.875,67.507,383.125,79.781,300.625,122.74,297.5,129.644,301.25,157.26,371.25,491.726,382.5,536.219]],"iscrowd":0},{"id":75,"image_id":46,"category_id":1,"bbox":[45,204,196.25,338.258],"area":66383.145,"segmentation":[[115.625,537.419,121.875,542.161,133.125,539,238.75,492.371,241.25,484.468,240,446.532,190,245.79,173.125,211.806,163.125,203.903,141.875,210.226,55.625,246.581,48.75,253.694,46.25,263.177,45,296.371,48.75,315.339,98.75,509.758,115.625,537.419]],"iscrowd":0},{"id":76,"image_id":46,"category_id":1,"bbox":[203,35,180,295.581],"area":53204.516,"segmentation":[[259.375,325.613,281.875,330.355,375.625,290.839,381.25,285.306,382.5,277.403,367.5,211.016,336.25,89.306,318.125,34.774,205.625,79.032,202.5,82.984,202.5,90.887,207.5,130.403,259.375,325.613]],"iscrowd":0},{"id":77,"image_id":46,"category_id":1,"bbox":[351,27,168.75,273.452],"area":46144.96,"segmentation":[[464.375,292.419,506.875,275.032,520,264.758,520,248.952,461.875,26.871,441.875,28.452,386.875,50.581,351.25,70.339,351.25,84.565,401.25,285.306,411.875,300.323,464.375,292.419]],"iscrowd":0},{"id":78,"image_id":46,"category_id":1,"bbox":[268,315,176.25,282.935],"area":49867.379,"segmentation":[[419.375,567.452,443.75,541.371,428.75,470.242,386.875,314.548,269.375,357.226,267.5,367.5,311.25,541.371,328.125,597.484,419.375,567.452]],"iscrowd":0},{"id":79,"image_id":47,"category_id":1,"bbox":[60,131,316.25,422.564],"area":133636.002,"segmentation":[[376.25,418.666,282.5,258.061,198.125,130.979,183.125,140.335,62.5,258.061,60,267.416,66.25,279.89,238.125,553.544,376.25,418.666]],"iscrowd":0},{"id":80,"image_id":48,"category_id":1,"bbox":[151,173,266.25,347.629],"area":92556.336,"segmentation":[[400,396.62,417.5,263.742,415,222.134,400.625,213.41,210.625,173.144,205,183.21,161.25,399.304,151.25,462.387,154.375,472.454,368.125,520.773,400,396.62]],"iscrowd":0},{"id":81,"image_id":49,"category_id":1,"bbox":[148,134,137.515,303.37],"area":41717.79,"segmentation":[[147.921,141.102,157.584,437.417,285.436,431.37,279.489,134.047,147.921,141.102]],"iscrowd":0},{"id":82,"image_id":50,"category_id":1,"bbox":[311,253,212.5,345.335],"area":73383.69,"segmentation":[[394.375,597.983,476.875,569.579,513.125,556.124,523.75,547.902,513.75,497.073,449.375,252.648,314.375,300.486,311.25,313.193,316.25,338.608,383.125,597.983,394.375,597.983]],"iscrowd":0},{"id":83,"image_id":51,"category_id":1,"bbox":[75,139,437.5,455.935],"area":199471.736,"segmentation":[[426.875,595.249,435,578.626,487.5,410.817,511.25,333.244,512.5,318.996,451.875,283.377,164.375,139.314,157.5,144.854,146.25,174.934,76.25,401.318,75,417.149,89.375,427.439,416.875,593.666,426.875,595.249]],"iscrowd":0},{"id":84,"image_id":52,"category_id":1,"bbox":[31,115,300,423.582],"area":127074.53,"segmentation":[[129.375,507.612,156.875,533.336,168.125,538.48,302.5,324.975,331.25,259.808,219.375,123.473,200.625,114.899,171.25,151.769,33.75,376.422,31.25,386.711,33.75,395.286,64.375,435.586,129.375,507.612]],"iscrowd":0},{"id":85,"image_id":53,"category_id":1,"bbox":[118,123,247.5,392.548],"area":97155.565,"segmentation":[[160,509.945,168.125,515.081,341.875,498.939,356.875,491.602,365,464.454,322.5,122.534,294.375,123.267,124.375,149.682,118.75,156.285,117.5,172.428,127.5,261.943,155,490.868,160,509.945]],"iscrowd":0},{"id":86,"image_id":54,"category_id":1,"bbox":[121,132,316.25,285.363],"area":90245.921,"segmentation":[[163.75,404.764,173.125,417.531,430.625,313.899,437.5,304.136,417.5,217.026,395,140.428,389.375,132.168,124.375,232.796,121.25,236.551,123.75,257.577,145,343.186,163.75,404.764]],"iscrowd":0},{"id":87,"image_id":55,"category_id":1,"bbox":[123,87,335,448.817],"area":150353.714,"segmentation":[[295.625,535.901,436.875,385.179,457.5,359.221,455,347.498,445,329.077,375,215.198,298.125,108.855,278.125,87.084,263.125,90.433,129.375,237.806,122.5,247.017,122.5,252.041,138.75,283.86,295.625,535.901]],"iscrowd":0},{"id":88,"image_id":56,"category_id":1,"bbox":[236,166,186.861,317.874],"area":59398.427,"segmentation":[[236.172,183.575,265.585,484.058,423.033,465.7,396.215,166.184,236.172,183.575]],"iscrowd":0},{"id":89,"image_id":57,"category_id":1,"bbox":[100,131,346.25,367.935],"area":127397.587,"segmentation":[[345.625,490.58,376.875,498.867,390,476.493,401.25,443.345,445,304.127,446.25,285.896,413.125,258.549,213.125,145.848,189.375,134.247,168.125,130.932,163.75,136.733,103.75,322.358,100,335.617,101.25,343.903,133.125,371.25,345.625,490.58]],"iscrowd":0},{"id":90,"image_id":58,"category_id":1,"bbox":[238,191,178.75,244.22],"area":43654.252,"segmentation":[[323.125,435.348,334.375,432.314,416.25,369.363,410,343.576,345,213.123,329.375,192.645,323.125,191.128,305.625,201.747,239.375,253.321,237.5,266.215,246.25,290.485,310,417.904,323.125,435.348]],"iscrowd":0},{"id":91,"image_id":58,"category_id":1,"bbox":[340,55,157.5,218.432],"area":34403.108,"segmentation":[[383.75,210.09,420.625,273.041,486.875,227.534,497.5,216.157,496.25,207.056,465,141.829,419.375,54.608,410.625,56.125,343.125,104.666,340,108.458,340,119.076,351.25,144.863,383.75,210.09]],"iscrowd":0},{"id":92,"image_id":58,"category_id":1,"bbox":[81,305,163.75,227.534],"area":37258.657,"segmentation":[[242.5,461.894,164.375,304.895,141.875,317.03,82.5,361.779,81.25,367.846,163.125,532.429,245,472.512,242.5,461.894]],"iscrowd":0},{"id":93,"image_id":58,"category_id":1,"bbox":[168,481,115,125.902],"area":14478.733,"segmentation":[[261.875,564.284,282.5,545.323,250.625,480.855,171.875,536.98,167.5,542.289,168.75,546.84,199.375,606.757,261.875,564.284]],"iscrowd":0},{"id":94,"image_id":59,"category_id":1,"bbox":[154,145,274.375,282.347],"area":77468.856,"segmentation":[[380.625,377.036,423.125,364.985,428.75,358.959,425,290.094,418.75,252.218,397.5,152.364,390.625,144.617,301.875,166.998,154.375,213.482,165,362.402,176.25,412.329,183.125,426.963,380.625,377.036]],"iscrowd":0},{"id":95,"image_id":60,"category_id":1,"bbox":[25,169,185,204.975],"area":37920.34,"segmentation":[[65.625,374.079,93.125,362.122,210,289.527,203.75,246.824,190,200.705,183.75,183.623,170.625,169.104,135.625,184.477,26.875,247.678,25,262.197,35,306.608,53.75,356.144,65.625,374.079]],"iscrowd":0},{"id":96,"image_id":60,"category_id":1,"bbox":[341,304,158.75,268.175],"area":42572.841,"segmentation":[[398.125,572.221,415.625,567.097,500,523.54,452.5,332.23,443.125,304.046,343.125,350.165,341.25,359.56,347.5,385.182,392.5,559.41,398.125,572.221]],"iscrowd":0},{"id":97,"image_id":60,"category_id":1,"bbox":[476,237,157.5,273.3],"area":43044.71,"segmentation":[[535.625,510.729,633.75,463.756,631.25,444.966,576.875,237.429,478.125,283.548,476.25,287.819,482.5,313.441,528.75,492.794,535.625,510.729]],"iscrowd":0},{"id":98,"image_id":61,"category_id":1,"bbox":[49,287,257.5,223.092],"area":57446.144,"segmentation":[[284.375,286.6,61.875,325.681,48.75,331.381,60,460.025,68.125,509.692,306.25,461.654,284.375,286.6]],"iscrowd":0},{"id":99,"image_id":61,"category_id":1,"bbox":[365,195,153.75,299.627],"area":46067.647,"segmentation":[[513.75,486.08,517.5,390.004,518.75,230.42,515,204.365,396.875,195.409,370.625,197.037,365,210.879,366.25,489.336,405.625,495.036,506.875,493.407,513.75,486.08]],"iscrowd":0},{"id":100,"image_id":62,"category_id":1,"bbox":[168,55,277.5,408.591],"area":113383.873,"segmentation":[[280.625,463.649,298.125,462.2,433.75,397.724,445,360.052,445,349.91,363.75,105.045,352.5,76.067,341.875,60.854,334.375,55.058,308.125,60.854,168.75,125.33,167.5,147.064,172.5,171.695,260,429.6,280.625,463.649]],"iscrowd":0},{"id":101,"image_id":63,"category_id":1,"bbox":[205,167,160,289.494],"area":46319.028,"segmentation":[[350,448.026,356.25,418.924,365,236.65,363.75,192.23,354.375,173.084,240.625,166.957,226.875,168.489,216.25,175.381,205,365.314,205.625,445.729,330.625,456.451,345.625,453.387,350,448.026]],"iscrowd":0},{"id":102,"image_id":64,"category_id":1,"bbox":[200,120,191.25,282.687],"area":54063.881,"segmentation":[[378.75,375.371,390,190.003,391.25,142.337,388.125,132.406,234.375,120.49,218.75,122.476,212.5,151.605,201.25,336.973,200,385.964,203.125,393.246,372.5,403.176,378.75,375.371]],"iscrowd":0},{"id":103,"image_id":65,"category_id":1,"bbox":[245,80,255,421.321],"area":107436.761,"segmentation":[[310,498.563,324.375,500.903,358.125,493.101,494.375,455.65,498.75,448.628,500,429.903,493.75,381.529,447.5,120.935,436.25,83.484,433.125,79.583,418.125,81.143,283.125,117.034,246.25,131.858,245,149.023,252.5,205.199,292.5,433.024,310,498.563]],"iscrowd":0},{"id":104,"image_id":66,"category_id":1,"bbox":[61,100,353.75,442.573],"area":156560.179,"segmentation":[[274.375,542.308,294.375,525.166,415,376.343,415,366.993,201.875,99.735,96.875,222.845,61.25,267.258,61.25,273.491,262.5,532.178,274.375,542.308]],"iscrowd":0},{"id":105,"image_id":67,"category_id":1,"bbox":[204,144,245,369.987],"area":90646.738,"segmentation":[[253.75,488.41,261.25,509.432,270.625,514.338,444.375,475.097,448.75,463.184,445,421.14,398.75,175.884,390,147.855,386.875,144.351,373.125,145.752,206.875,187.796,203.75,191.3,203.75,219.329,208.75,250.161,253.75,488.41]],"iscrowd":0},{"id":106,"image_id":68,"category_id":1,"bbox":[339,51,192.211,243.75],"area":46851.475,"segmentation":[[502.989,295,528.028,291.25,531.711,286.875,531.711,78.125,525.819,54.375,507.408,51.25,339.499,52.5,341.709,281.875,348.337,288.75,370.43,295,502.989,295]],"iscrowd":0},{"id":107,"image_id":68,"category_id":1,"bbox":[133,57,145.815,71.875],"area":10480.48,"segmentation":[[278.375,124.375,278.375,60.625,274.693,57.5,132.559,56.875,132.559,124.375,136.242,128.75,271.747,127.5,278.375,124.375]],"iscrowd":0},{"id":108,"image_id":68,"category_id":1,"bbox":[138,329,178.219,234.375],"area":41770.03,"segmentation":[[302.677,562.5,316.67,538.125,313.724,329.375,139.924,329.375,138.451,546.875,141.397,560.625,148.025,563.75,302.677,562.5]],"iscrowd":0},{"id":109,"image_id":68,"category_id":1,"bbox":[343,325,186.32,235.625],"area":43901.568,"segmentation":[[529.501,560,528.765,330.625,522.137,325,352.019,328.125,343.182,368.125,350.546,529.375,363.802,560.625,529.501,560]],"iscrowd":0},{"id":110,"image_id":69,"category_id":1,"bbox":[203,128,222.5,327.703],"area":72913.96,"segmentation":[[354.375,448.204,423.75,203.529,425,184.425,278.125,127.848,205,378.402,202.5,397.505,206.875,401.179,341.875,455.552,354.375,448.204]],"iscrowd":0},{"id":111,"image_id":70,"category_id":1,"bbox":[124,107,293.75,358.804],"area":105398.549,"segmentation":[[323.75,360.247,333.75,353.028,345,329.926,363.75,314.043,375,292.385,395,269.283,417.5,234.63,417.5,230.298,410.625,222.357,285.625,106.847,207.5,218.747,201.25,237.518,123.75,340.033,124.375,346.531,156.875,376.852,163.125,378.296,168.125,375.408,178.125,382.628,225,430.997,235.625,450.49,250.625,463.485,257.5,465.651,287.5,423.778,291.25,410.783,311.25,386.237,323.75,360.247]],"iscrowd":0},{"id":112,"image_id":71,"category_id":1,"bbox":[97,119,304.078,315.037],"area":95795.795,"segmentation":[[140.717,119.113,97.046,335.631,359.879,434.15,401.124,217.632,140.717,119.113]],"iscrowd":0},{"id":113,"image_id":72,"category_id":1,"bbox":[95,150,290.913,311.25],"area":90546.554,"segmentation":[[210.816,455,226.194,461.25,249.262,460,355.631,415,381.903,396.875,385.748,381.875,381.903,369.375,289.631,185.625,265.922,150,241.573,150,115.981,207.5,94.835,225.625,94.835,241.875,105.087,264.375,193.515,435.625,210.816,455]],"iscrowd":0},{"id":114,"image_id":72,"category_id":1,"bbox":[331,144,153.786,183.75],"area":28258.252,"segmentation":[[484.427,286.875,449.825,206.875,414.583,143.75,330.641,178.125,347.301,244.375,391.515,327.5,410.738,325,484.427,286.875]],"iscrowd":0},{"id":115,"image_id":73,"category_id":1,"bbox":[91,110,322.5,404.442],"area":130432.564,"segmentation":[[249.375,514.875,371.25,319.108,412.5,244.53,413.75,234.49,289.375,130.511,256.875,110.433,92.5,383.646,91.25,392.251,94.375,397.271,241.875,513.441,249.375,514.875]],"iscrowd":0},{"id":116,"image_id":74,"category_id":1,"bbox":[120,100,115,216.135],"area":24855.532,"segmentation":[[235,197.756,232.5,102.186,184.375,99.981,121.875,102.921,120,169.82,123.75,315.381,233.125,316.116,235,197.756]],"iscrowd":0},{"id":117,"image_id":74,"category_id":1,"bbox":[363,351,170,263.185],"area":44741.427,"segmentation":[[436.875,613.118,479.375,604.296,532.5,581.506,532.5,544.749,521.25,463.882,501.25,372.723,491.875,351.403,464.375,351.403,415.625,361.695,381.875,373.458,362.5,385.955,366.25,440.357,387.5,560.922,403.125,614.588,436.875,613.118]],"iscrowd":0},{"id":118,"image_id":75,"category_id":1,"bbox":[163,139,265,389.11],"area":103114.219,"segmentation":[[330.625,513.51,427.5,475.177,405,352.224,358.125,138.865,265.625,151.883,163.75,193.109,162.5,203.234,170,242.29,229.375,527.975,330.625,513.51]],"iscrowd":0},{"id":119,"image_id":76,"category_id":1,"bbox":[108,89,303.75,396.744],"area":120511.007,"segmentation":[[303.125,485.88,310.625,485.88,316.25,478.015,411.25,306.734,411.25,301.491,390.625,276.148,216.875,89.136,206.25,97.001,110,268.283,107.5,277.022,133.125,309.355,273.125,459.664,303.125,485.88]],"iscrowd":0},{"id":120,"image_id":77,"category_id":1,"bbox":[152,124,282.821,337.65],"area":95494.445,"segmentation":[[305.687,124.302,152.442,353.47,279.611,461.952,435.263,233.236,305.687,124.302]],"iscrowd":0},{"id":121,"image_id":78,"category_id":1,"bbox":[158,132,217.5,398.422],"area":86656.883,"segmentation":[[353.75,511.825,375,170.104,375,154.984,371.875,151.204,194.375,131.547,184.375,131.547,181.25,135.328,160,443.784,157.5,508.801,160.625,512.581,350,529.97,353.75,511.825]],"iscrowd":0},{"id":122,"image_id":78,"category_id":1,"bbox":[376,35,175,279.727],"area":48952.284,"segmentation":[[511.25,220.002,551.25,77.87,544.375,71.066,471.875,40.825,448.125,34.777,430,79.382,378.75,247.218,376.25,262.339,379.375,266.119,478.125,314.504,511.25,220.002]],"iscrowd":0},{"id":123,"image_id":79,"category_id":1,"bbox":[199,197,175.572,217.391],"area":38167.847,"segmentation":[[270.857,414.493,374.083,364.251,299.09,197.101,198.511,248.309,270.857,414.493]],"iscrowd":0},{"id":124,"image_id":79,"category_id":1,"bbox":[0,281,95,206.702],"area":19636.668,"segmentation":[[90.625,443.519,95,435.99,25,281.306,18.125,280.622,0.625,291.573,0,481.163,4.375,487.323,9.375,487.323,90.625,443.519]],"iscrowd":0},{"id":125,"image_id":80,"category_id":1,"bbox":[190,103,157.5,259.313],"area":40841.761,"segmentation":[[331.25,345.501,341.25,273.552,347.5,170.127,346.25,122.162,328.125,113.918,216.875,103.425,210,110.17,192.5,248.071,190,342.503,193.125,346.25,324.375,362.738,331.25,345.501]],"iscrowd":0}]}